WN,WP,VM
1.613601,1.5000000000000002e-07,0.5928682337396646
1.613601,1.692e-07,0.5941242156650325
1.613601,1.8840000000000002e-07,0.5968977961591091
1.613601,2.076e-07,0.6001586556405453
1.613601,2.2680000000000002e-07,0.6035839806391944
1.613601,2.46e-07,0.6070442255653415
1.613601,2.652e-07,0.6104866792863698
1.613601,2.844e-07,0.6138796721444443
1.613601,3.0360000000000005e-07,0.6172135901133045
1.613601,3.228e-07,0.6204813844281358
1.613601,3.42e-07,0.6236804044639903
1.613601,3.6120000000000003e-07,0.6268112912084175
1.613601,3.804e-07,0.6298756337337141
1.613601,3.9960000000000006e-07,0.6328754834071908
1.613601,4.188e-07,0.6358130870096479
1.613601,4.3800000000000003e-07,0.638690723157592
1.613601,4.572e-07,0.6415105984865861
1.613601,4.764e-07,0.6442748020622358
1.613601,4.956000000000001e-07,0.6469853855522086
1.613601,5.148e-07,0.649647183807873
1.613601,5.34e-07,0.6522592370053342
1.613601,5.532000000000001e-07,0.6548245561530815
1.613601,5.724e-07,0.6573458309990884
1.613601,5.916000000000001e-07,0.6598233729900425
1.613601,6.108e-07,0.662260305914376
1.613601,6.3e-07,0.6646574233288072
1.613601,6.492000000000001e-07,0.6670154114622463
1.613601,6.684e-07,0.6693383455144245
1.613601,6.876000000000001e-07,0.6716249604511367
1.613601,7.068e-07,0.6738768662094623
1.613601,7.26e-07,0.6760962134622053
1.613601,7.452000000000001e-07,0.678284126865253
1.613601,7.644e-07,0.6804408798408803
1.613601,7.836000000000001e-07,0.6825675998258814
1.613601,8.028e-07,0.6846653290943063
1.613601,8.22e-07,0.6867350211523962
1.613601,8.412000000000001e-07,0.6887775615930992
1.613601,8.604000000000001e-07,0.6907937692979086
1.613601,8.796000000000001e-07,0.6927844191836164
1.613601,8.988e-07,0.6947502304277496
1.613601,9.18e-07,0.696691877410151
1.613601,9.372000000000001e-07,0.6986099963224552
1.613601,9.564e-07,0.7005051867170943
1.613601,9.756e-07,0.7023780076041317
1.613601,9.948e-07,0.7042289893377673
1.613601,1.014e-06,0.7060586186607961
1.613601,1.0332e-06,0.7078680867760591
1.613601,1.0523999999999999e-06,0.7096575850425514
1.613601,1.0716e-06,0.7114272104002093
1.613601,1.0908e-06,0.7131773464352444
1.613601,1.11e-06,0.7149087836556698
1.613601,1.1292e-06,0.7166224680252858
1.613601,1.1484e-06,0.7183178731362821
1.613601,1.1675999999999998e-06,0.7199952900511832
1.613601,1.1868e-06,0.7216565609955669
1.613601,1.206e-06,0.7233006015940818
1.613601,1.2252e-06,0.7249279043545699
1.613601,1.2443999999999999e-06,0.7265398633800337
1.613601,1.2636e-06,0.7281354770287641
1.613601,1.2827999999999998e-06,0.7297160343709473
1.613601,1.302e-06,0.7312814042498297
1.613601,1.3212e-06,0.7328317660249534
1.613601,1.3404e-06,0.7343679666510508
1.613601,1.3595999999999999e-06,0.7358894650146822
1.613601,1.3788e-06,0.7373975067926989
1.613601,1.3979999999999998e-06,0.7388913200334494
1.613601,1.4172e-06,0.7403721671693241
1.613601,1.4364e-06,0.7418393729106192
1.613601,1.4555999999999999e-06,0.7432939299420741
1.613601,1.4748e-06,0.744735526706303
1.613601,1.494e-06,0.746164630110972
1.613601,1.5132e-06,0.7475815501231402
1.613601,1.5324e-06,0.7489860022315983
1.613601,1.5516e-06,0.7503791102328977
1.613601,1.5707999999999999e-06,0.7517601449483771
1.613601,1.59e-06,0.7531297457415557
1.613601,1.6092e-06,0.7544881854252533
1.613601,1.6284e-06,0.7558352365103046
1.613601,1.6476e-06,0.7571715196834138
1.613601,1.6668e-06,0.7584970455385477
1.613601,1.6859999999999998e-06,0.7598117855943188
1.613601,1.7052e-06,0.7611161929197422
1.613601,1.7244e-06,0.7624104024589382
1.613601,1.7436e-06,0.7636943401480747
1.613601,1.7627999999999999e-06,0.7649682516059038
1.613601,1.782e-06,0.7662325659617617
1.613601,1.8011999999999998e-06,0.7674870874765822
1.613601,1.8204e-06,0.768732002881845
1.613601,1.8395999999999997e-06,0.7699675172788102
1.613601,1.8587999999999999e-06,0.7711939099175307
1.613601,1.8779999999999998e-06,0.772411102195358
1.613601,1.8971999999999998e-06,0.773619246198564
1.613601,1.9164e-06,0.7748185050132362
1.613601,1.9355999999999997e-06,0.7760090413131779
1.613601,1.9548e-06,0.7771910059444581
1.613601,1.974e-06,0.7783644029520869
1.613601,1.9932e-06,0.7795293789816573
1.613601,2.0124e-06,0.7806860695274521
1.613601,2.0316e-06,0.7818345944855225
1.613601,2.0508e-06,0.7829750828808923
1.613601,2.0699999999999997e-06,0.7841076155202319
1.613601,2.0892e-06,0.785232266710216
1.613601,2.1084e-06,0.7863491453627711
1.613601,2.1276e-06,0.7874583615469215
1.613601,2.1468e-06,0.7885600257390375
1.613601,2.1659999999999997e-06,0.7896542328931578
1.613601,2.1852e-06,0.7907410806034944
1.613601,2.2044e-06,0.7918206638912503
1.613601,2.2235999999999998e-06,0.7928930658458944
1.613601,2.2428e-06,0.7939583835512517
1.613601,2.262e-06,0.79501667993898
1.613601,2.2812e-06,0.7960680131805521
1.613601,2.3003999999999996e-06,0.7971125007792911
1.613601,2.3195999999999998e-06,0.7981502227208874
1.613601,2.3388e-06,0.7991812629439294
1.613601,2.358e-06,0.8002057010564264
1.613601,2.3772000000000003e-06,0.8012236205227499
1.613601,2.3963999999999996e-06,0.8022350866769529
1.613601,2.4156e-06,0.803240179546631
1.613601,2.4348e-06,0.8042389746733597
1.613601,2.454e-06,0.805231544572187
1.613601,2.4732e-06,0.8062179520321706
1.613601,2.4923999999999996e-06,0.8071982770585566
1.613601,2.5116e-06,0.8081725829063025
1.613601,2.5308e-06,0.8091409438348438
1.613601,2.5499999999999997e-06,0.8101034166168565
1.613601,2.5692e-06,0.8110600784921107
1.613601,2.5884e-06,0.8120109814490931
1.613601,2.6076e-06,0.8129561067149216
1.613601,2.6267999999999996e-06,0.8138955755261426
1.613601,2.6459999999999997e-06,0.8148294708243055
1.613601,2.6652e-06,0.815757863935626
1.613601,2.6844e-06,0.8166808078490976
1.613601,2.7036e-06,0.817598367311845
1.613601,2.7227999999999996e-06,0.8185105990871423
1.613601,2.7419999999999998e-06,0.819417572139589
1.613601,2.7612e-06,0.8203193336226761
1.613601,2.7804e-06,0.8212159459253333
1.613601,2.7996e-06,0.8221074601836109
1.613601,2.8188e-06,0.8229939210742466
1.613601,2.8379999999999998e-06,0.8238750793340243
1.613601,2.8572e-06,0.8247513137440041
1.613601,2.8763999999999997e-06,0.8256226811590756
1.613601,2.8956e-06,0.8264892361755931
1.613601,2.9148e-06,0.8273510258655151
1.613601,2.934e-06,0.8282081009504525
1.613601,2.9531999999999995e-06,0.82906051463811
1.613601,2.9723999999999997e-06,0.8299080005906259
1.613601,2.9916e-06,0.8307507423622353
1.613601,3.0108e-06,0.8315889917940045
1.613601,3.03e-06,0.8324227941176476
1.613601,3.0492e-06,0.8332521912861087
1.613601,3.0683999999999997e-06,0.8340772305299796
1.613601,3.0876e-06,0.834897566332765
1.613601,3.1067999999999996e-06,0.8357133881675807
1.613601,3.126e-06,0.8365250207537778
1.613601,3.1452e-06,0.8373325056625952
1.613601,3.1644e-06,0.8381358711344848
1.613601,3.1836e-06,0.8389348993320458
1.613601,3.2027999999999996e-06,0.8397293765675901
1.613601,3.222e-06,0.8405199215827412
1.613601,3.2412e-06,0.84130655650093
1.613601,3.2604e-06,0.842089312454239
1.613601,3.2796e-06,0.8428676568829514
1.613601,3.2987999999999997e-06,0.8436418740863054
1.613601,3.318e-06,0.8444123866712658
1.613601,3.3372e-06,0.8451792159508572
1.613601,3.3563999999999997e-06,0.8459421097222163
1.613601,3.3756e-06,0.846700615271202
1.613601,3.3948e-06,0.8474556104972121
1.613601,3.414e-06,0.8482071092056918
1.613601,3.4331999999999996e-06,0.8489549025354036
1.613601,3.4523999999999998e-06,0.8496983074679972
1.613601,3.4716e-06,0.8504383950105523
1.613601,3.4908e-06,0.8511751570788975
1.613601,3.5099999999999994e-06,0.8519081476168687
1.613601,3.5291999999999996e-06,0.8526370654006656
1.613601,3.5483999999999998e-06,0.8533628345627478
1.613601,3.5676e-06,0.8540854414042339
1.613601,3.5868e-06,0.8548039101199788
1.613601,3.606e-06,0.855518941298658
1.613601,3.6251999999999996e-06,0.8562309723720631
1.613601,3.6443999999999998e-06,0.8569396693748065
1.613601,3.6636e-06,0.8576442270205786
1.613601,3.6827999999999997e-06,0.8583459443496528
1.613601,3.702e-06,0.8590448004191858
1.613601,3.7212e-06,0.8597394077940617
1.613601,3.7404e-06,0.860431077283373
1.613601,3.7595999999999995e-06,0.8611200355231491
1.613601,3.7787999999999997e-06,0.8618051762873887
1.613601,3.798e-06,0.862487072939041
1.613601,3.8172e-06,0.8631663942999092
1.613601,3.836399999999999e-06,0.8638422058844208
1.613601,3.8556e-06,0.864514609714257
1.613601,3.8748e-06,0.8651845713326376
1.613601,3.894e-06,0.8658511726739594
1.613601,3.913199999999999e-06,0.8665143530729914
1.613601,3.9324e-06,0.8671752233078441
1.613601,3.9515999999999996e-06,0.8678327233634819
1.613601,3.9708e-06,0.8684869636155986
1.613601,3.99e-06,0.8691390090115231
1.613601,4.0092e-06,0.8697875086920208
1.613601,4.0284e-06,0.8704330838755323
1.613601,4.0476e-06,0.8710765738583093
1.613601,4.0668e-06,0.871716171832417
1.613601,4.086e-06,0.8723533620120978
1.613601,4.1052e-06,0.8729884757272051
1.613601,4.1244e-06,0.8736193547187188
1.613601,4.1436e-06,0.8742484178609022
1.613601,4.162799999999999e-06,0.8748747492611646
1.613601,4.182e-06,0.8754976847770618
1.613601,4.2012e-06,0.8761188800836428
1.613601,4.2203999999999994e-06,0.8767365292817481
1.613601,4.2396e-06,0.877351782845981
1.613601,4.2588e-06,0.8779651209265152
1.613601,4.2779999999999995e-06,0.8785744360553992
1.613601,4.2972e-06,0.8791822606190182
1.613601,4.3164e-06,0.8797870084962994
1.613601,4.3356000000000005e-06,0.880389091900233
1.613601,4.3548e-06,0.88098963764217
1.613601,4.373999999999999e-06,0.8815860041599267
1.613601,4.3932e-06,0.8821810827743797
1.613601,4.4123999999999995e-06,0.8827731403334341
1.613601,4.4316e-06,0.8833627054751916
1.613601,4.4508e-06,0.8839506288231436
1.613601,4.4699999999999996e-06,0.8845347111133656
1.613601,4.4892e-06,0.8851176846215695
1.613601,4.5084e-06,0.8856972357753579
1.613601,4.5276e-06,0.8862749315370625
1.613601,4.5468e-06,0.8868503969700191
1.613601,4.566e-06,0.8874228596901618
1.613601,4.585200000000001e-06,0.8879943100011082
1.613601,4.6043999999999995e-06,0.8885615890569635
1.613601,4.623599999999999e-06,0.8891280520194164
1.613601,4.6428e-06,0.8896912284572922
1.613601,4.662e-06,0.890252714243195
1.613601,4.681199999999999e-06,0.8908118937060372
1.613601,4.7004e-06,0.8913684562375519
1.613601,4.7196e-06,0.891923689848916
1.613601,4.7388e-06,0.8924753859678046
1.613601,4.758e-06,0.8930265009691034
1.613601,4.7772e-06,0.893573613565406
1.613601,4.7964e-06,0.8941200645596636
1.613601,4.815599999999999e-06,0.8946632383097154
1.613601,4.8348e-06,0.8952050939620877
1.613601,4.854e-06,0.8957443643086618
1.613601,4.873199999999999e-06,0.8962816864187074
1.613601,4.8924e-06,0.8968170925311685
1.613601,4.9116e-06,0.8973499517207462
1.613601,4.9307999999999994e-06,0.8978815156989647
1.613601,4.95e-06,0.8984099848851826
1.613601,4.9692e-06,0.8989377311650496
1.613601,4.9884e-06,0.8994618881421187
1.613601,5.0076e-06,0.8999858425035652
1.613601,5.0268e-06,0.900505755333519
1.613601,5.046e-06,0.9010257023203175
1.613601,5.065199999999999e-06,0.9015416895813549
1.613601,5.084399999999999e-06,0.902057579897934
1.613601,5.1036e-06,0.9025697811206954
1.613601,5.1227999999999995e-06,0.9030816983418029
1.613601,5.142e-06,0.9035901276255839
1.613601,5.1612e-06,0.9040981444342067
1.613601,5.1803999999999996e-06,0.9046028225349309
1.613601,5.1996e-06,0.9051070148836124
1.613601,5.2188e-06,0.9056079653836576
1.613601,5.2380000000000005e-06,0.9061084134734608
1.613601,5.2572e-06,0.9066056437485578
1.613601,5.276399999999999e-06,0.9071024299065428
1.613601,5.2956e-06,0.9075959564442763
1.613601,5.3147999999999995e-06,0.908089158534556
1.613601,5.333999999999999e-06,0.9085789965805873
1.613601,5.3532e-06,0.9090686982078344
1.613601,5.3724e-06,0.9095548562327714
1.613601,5.3916e-06,0.9100411321669352
1.613601,5.4108e-06,0.9105236350691259
1.613601,5.43e-06,0.9110065626681018
1.613601,5.4492e-06,0.9114854212513563
1.613601,5.4684e-06,0.9119647456033706
1.613601,5.487599999999999e-06,0.9124403093737928
1.613601,5.5067999999999995e-06,0.9129159779925174
1.613601,5.525999999999999e-06,0.9133883960024599
1.613601,5.5452e-06,0.9138604147043852
1.613601,5.5644e-06,0.9143297695968176
1.613601,5.583599999999999e-06,0.9147981596472289
1.613601,5.6028e-06,0.9152645261443764
1.613601,5.622e-06,0.9157292983472826
1.613601,5.6412e-06,0.9161927538109048
1.613601,5.6604e-06,0.9166539303268403
1.613601,5.6796e-06,0.9171145487783134
1.613601,5.6988e-06,0.9175721442033501
1.613601,5.717999999999999e-06,0.918030002804001
1.613601,5.737199999999999e-06,0.9184840364447192
1.613601,5.7564e-06,0.918938579602828
1.613601,5.775599999999999e-06,0.919389696634526
1.613601,5.7948e-06,0.9198406399484035
1.613601,5.814e-06,0.9202892161008468
1.613601,5.8331999999999995e-06,0.9207365816810005
1.613601,5.8524e-06,0.9211826852172684
1.613601,5.8716e-06,0.9216264964584566
1.613601,5.8907999999999996e-06,0.9220701914594635
1.613601,5.91e-06,0.9225104792084855
1.613601,5.9292e-06,0.9229513164364586
1.613601,5.9484e-06,0.9233886155321877
1.613601,5.967599999999999e-06,0.9238258752174113
1.613601,5.986799999999999e-06,0.9242609947806367
1.613601,6.006e-06,0.9246947095384923
1.613601,6.0251999999999995e-06,0.9251277014273533
1.613601,6.0444e-06,0.9255579088459958
1.613601,6.0636e-06,0.9259887040405128
1.613601,6.0828e-06,0.9264155557818408
1.613601,6.102e-06,0.9268427860032908
1.613601,6.1212e-06,0.9272677386162407
1.613601,6.1404e-06,0.9276914436487003
1.613601,6.1596e-06,0.9281145473606321
1.613601,6.178799999999999e-06,0.9285347638991476
1.613601,6.198e-06,0.9289555636496092
1.613601,6.2171999999999995e-06,0.9293728211777996
1.613601,6.236399999999999e-06,0.9297900846872073
1.613601,6.2556e-06,0.930205710038091
1.613601,6.2748e-06,0.9306194739120073
1.613601,6.293999999999999e-06,0.9310335014693634
1.613601,6.3132e-06,0.9314438166869973
1.613601,6.3324e-06,0.9318546707293889
1.613601,6.3516e-06,0.9322631948682606
1.613601,6.3708e-06,0.9326705449254923
1.613601,6.39e-06,0.9330776756830118
1.613601,6.4091999999999996e-06,0.9334815824056053
1.613601,6.428399999999999e-06,0.9338860536560827
1.613601,6.4476e-06,0.9342878567485395
1.613601,6.4668e-06,0.9346888314019488
1.613601,6.485999999999999e-06,0.9350894388127242
1.613601,6.5052e-06,0.9354869764260163
1.613601,6.5244e-06,0.9358850854130617
1.613601,6.5435999999999995e-06,0.9362805620506551
1.613601,6.5628e-06,0.9366751805917624
1.613601,6.582e-06,0.9370696491189866
1.613601,6.6012000000000004e-06,0.9374608535166677
1.613601,6.6204e-06,0.9378526115142046
1.613601,6.639599999999999e-06,0.9382421606356048
1.613601,6.6588e-06,0.9386304526676943
1.613601,6.677999999999999e-06,0.9390191704668845
1.613601,6.697199999999999e-06,0.9394040707053978
1.613601,6.7164e-06,0.939789498342697
1.613601,6.7355999999999995e-06,0.9401735163784871
1.613601,6.7548e-06,0.9405555090272242
1.613601,6.774e-06,0.9409381119478513
1.613601,6.7932e-06,0.9413174867353553
1.613601,6.8124e-06,0.9416966077880377
1.613601,6.8316e-06,0.9420754831336157
1.613601,6.850799999999999e-06,0.9424512102364847
1.613601,6.8699999999999994e-06,0.9428274962026649
1.613601,6.889199999999999e-06,0.9432019637893869
1.613601,6.9084e-06,0.9435748141708331
1.613601,6.9275999999999995e-06,0.9439482847438692
1.613601,6.946799999999999e-06,0.9443184220893642
1.613601,6.966e-06,0.9446884223979419
1.613601,6.9852e-06,0.9450583593834221
1.613601,7.0044e-06,0.9454249829014699
1.613601,7.0236e-06,0.9457921477256928
1.613601,7.0428e-06,0.9461580072677747
1.613601,7.062e-06,0.9465217630281713
1.613601,7.081199999999999e-06,0.9468861125357494
1.613601,7.100399999999999e-06,0.9472479779023626
1.613601,7.1195999999999996e-06,0.9476088914849435
1.613601,7.138799999999999e-06,0.9479704339739892
1.613601,7.158e-06,0.9483283955616059
1.613601,7.1772e-06,0.948686474399454
1.613601,7.196399999999999e-06,0.9490446471456024
1.613601,7.2156e-06,0.9493993774593805
1.613601,7.2348e-06,0.9497546365546408
1.613601,7.2539999999999995e-06,0.9501091611166832
1.613601,7.2732e-06,0.9504610459737975
1.613601,7.2924e-06,0.9508134891658933
1.613601,7.3116e-06,0.9511644675702883
1.613601,7.330799999999999e-06,0.9515135180455596
1.613601,7.349999999999999e-06,0.9518631568948328
1.613601,7.3692e-06,0.9522106855399474
1.613601,7.3883999999999994e-06,0.952556913625331
1.613601,7.4076e-06,0.9529037422772934
1.613601,7.4268e-06,0.9532479351562106
1.613601,7.4459999999999995e-06,0.9535913433886468
1.613601,7.4652e-06,0.9539353687395747
1.613601,7.4844e-06,0.9542763390531187
1.613601,7.5036e-06,0.9546169328731007
1.613601,7.5228e-06,0.9549581530140775
1.613601,7.541999999999999e-06,0.9552960106473747
1.613601,7.5612e-06,0.955633795758934
1.613601,7.5803999999999995e-06,0.9559722094378665
1.613601,7.599599999999999e-06,0.9563070732289242
1.613601,7.6188e-06,0.956642049878086
1.613601,7.638e-06,0.9569776570152082
1.613601,7.657199999999998e-06,0.9573096429422384
1.613601,7.6764e-06,0.9576418141895363
1.613601,7.6956e-06,0.9579746115367792
1.613601,7.7148e-06,0.9583038415131542
1.613601,7.733999999999999e-06,0.9586332070707078
1.613601,7.753199999999999e-06,0.9589631988828163
1.613601,7.7724e-06,0.9592897876943315
1.613601,7.7916e-06,0.9596163549869472
1.613601,7.8108e-06,0.9599435289689895
1.613601,7.83e-06,0.960267599728975
1.613601,7.8492e-06,0.9605913682706787
1.613601,7.8684e-06,0.9609157334312473
1.613601,7.887599999999999e-06,0.9612374007659733
1.613601,7.906799999999999e-06,0.961558373544853
1.613601,7.926e-06,0.961879924825168
1.613601,7.9452e-06,0.962199312265306
1.613601,7.9644e-06,0.9625174917296043
1.613601,7.9836e-06,0.9628362354962748
1.613601,8.0028e-06,0.9631534467730329
1.613601,8.022e-06,0.9634688453766884
1.613601,8.0412e-06,0.9637847792869277
1.613601,8.0604e-06,0.9640999357096942
1.613601,8.0796e-06,0.9644125532543137
1.613601,8.098800000000001e-06,0.9647256845181381
1.613601,8.118e-06,0.9650388959699472
1.613601,8.137199999999999e-06,0.9653487413879461
1.613601,8.156399999999999e-06,0.9656590776563656
1.613601,8.175599999999998e-06,0.9659700177788723
1.613601,8.1948e-06,0.9662775284154137
1.613601,8.214e-06,0.9665850742745383
1.613601,8.2332e-06,0.9668931950070483
1.613601,8.252399999999999e-06,0.9671990374828803
1.613601,8.271599999999999e-06,0.9675038011302483
1.613601,8.2908e-06,0.9678091116730917
1.613601,8.31e-06,0.9681133903467184
1.613601,8.3292e-06,0.9684153854541496
1.613601,8.3484e-06,0.9687178887976596
1.613601,8.3676e-06,0.9690207045980131
1.613601,8.386799999999999e-06,0.9693199439553323
1.613601,8.406e-06,0.9696196584605961
1.613601,8.4252e-06,0.9699199472133104
1.613601,8.4444e-06,0.9702176020152822
1.613601,8.4636e-06,0.9705145366850336
1.613601,8.4828e-06,0.9708120076340377
1.613601,8.502000000000001e-06,0.9711084814837926
1.613601,8.5212e-06,0.9714026507482632
1.613601,8.5404e-06,0.9716973207213482
1.613601,8.559599999999998e-06,0.9719925849552874
1.613601,8.578799999999998e-06,0.9722841233509516
1.613601,8.598e-06,0.972576006851605
1.613601,8.6172e-06,0.9728684399290255
1.613601,8.6364e-06,0.9731590713921243
1.613601,8.655599999999999e-06,0.9734481895600399
1.613601,8.674799999999999e-06,0.9737378127299492
1.613601,8.694e-06,0.9740276145540865
1.613601,8.7132e-06,0.974313991856658
1.613601,8.7324e-06,0.9746008224965736
1.613601,8.7516e-06,0.9748882079043486
1.613601,8.770799999999999e-06,0.97517352835332
1.613601,8.789999999999999e-06,0.9754575939012954
1.613601,8.8092e-06,0.9757421651590319
1.613601,8.8284e-06,0.9760269132789772
1.613601,8.8476e-06,0.9763082428971579
1.613601,8.8668e-06,0.9765900278273879
1.613601,8.886e-06,0.9768723473459915
1.613601,8.9052e-06,0.9771528897683246
1.613601,8.9244e-06,0.9774319136346528
1.613601,8.9436e-06,0.9777114241443634
1.613601,8.9628e-06,0.9779915080331678
1.613601,8.982e-06,0.9782679406902984
1.613601,9.001200000000001e-06,0.9785446728569781
1.613601,9.0204e-06,0.9788219207105564
1.613601,9.039599999999999e-06,0.9790982182820123
1.613601,9.058799999999999e-06,0.9793722087128557
1.613601,9.077999999999998e-06,0.9796466579780309
1.613601,9.0972e-06,0.9799216511375776
1.613601,9.1164e-06,0.9801941397655257
1.613601,9.1356e-06,0.9804658277605417
1.613601,9.154799999999999e-06,0.9807380022667678
1.613601,9.173999999999999e-06,0.981010576364871
1.613601,9.193199999999999e-06,0.9812795437293568
1.613601,9.2124e-06,0.9815489404641783
1.613601,9.2316e-06,0.9818188403999313
1.613601,9.2508e-06,0.9820879141981621
1.613601,9.27e-06,0.9823545728181624
1.613601,9.289199999999999e-06,0.9826216764707101
1.613601,9.3084e-06,0.9828893058471515
1.613601,9.3276e-06,0.9831550053689474
1.613601,9.3468e-06,0.9834193603907819
1.613601,9.366e-06,0.983684178699248
1.613601,9.3852e-06,0.9839495351651399
1.613601,9.404400000000001e-06,0.98421198844723
1.613601,9.4236e-06,0.984474044745075
1.613601,9.4428e-06,0.9847365725536303
1.613601,9.461999999999999e-06,0.9849996533566637
1.613601,9.481199999999998e-06,0.9852590074945295
1.613601,9.5004e-06,0.9855187633454148
1.613601,9.5196e-06,0.9857790069314418
1.613601,9.5388e-06,0.986039157945973
1.613601,9.557999999999999e-06,0.9862961970902171
1.613601,9.577199999999999e-06,0.9865536551183104
1.613601,9.596399999999998e-06,0.9868116001476688
1.613601,9.6156e-06,0.9870689681713416
1.613601,9.6348e-06,0.9873237045921175
1.613601,9.654e-06,0.9875788638190737
1.613601,9.673199999999999e-06,0.9878345145141872
1.613601,9.692399999999999e-06,0.988089227346279
1.613601,9.7116e-06,0.988341660170841
1.613601,9.7308e-06,0.9885945157359834
1.613601,9.75e-06,0.9888478660170431
1.613601,9.7692e-06,0.9891000840125703
1.613601,9.7884e-06,0.989350212612438
1.613601,9.8076e-06,0.9896007600540345
1.613601,9.8268e-06,0.9898518085871135
1.613601,9.846e-06,0.9901016778293468
1.613601,9.8652e-06,0.9903495054873911
1.613601,9.8844e-06,0.9905977424215968
1.613601,9.903600000000001e-06,0.9908464762774623
1.613601,9.9228e-06,0.9910941509828868
1.613601,9.941999999999999e-06,0.9913396737044928
1.613601,9.961199999999999e-06,0.9915856047613842
1.613601,9.980399999999998e-06,0.9918320242232848
1.613601,9.999599999999998e-06,0.9920776455276199
1.613601,9.999999999999999e-06,0.9920827089719235
2.0000000000000002e-07,6.0,1.1096452556642613
2.192e-07,6.0,1.1052221466070282
2.3840000000000002e-07,6.0,1.1008468255290689
2.5760000000000003e-07,6.0,1.0965366740014573
2.7680000000000004e-07,6.0,1.0923069154628053
2.96e-07,6.0,1.0881613543137563
3.152e-07,6.0,1.0841013009892853
3.344e-07,6.0,1.0801267489993422
3.5360000000000004e-07,6.0,1.0762370306281286
3.7280000000000006e-07,6.0,1.0724312370663887
3.92e-07,6.0,1.0687084965458233
4.1120000000000003e-07,6.0,1.0650664829730052
4.304e-07,6.0,1.0614971403906277
4.4960000000000006e-07,6.0,1.0580073790163642
4.688e-07,6.0,1.0545836167489437
4.88e-07,6.0,1.0512327331166174
5.072e-07,6.0,1.047949310306152
5.264000000000001e-07,6.0,1.0447272080838284
5.456e-07,6.0,1.0415685340137293
5.648e-07,6.0,1.0384704109692204
5.84e-07,6.0,1.0354303236797244
6.032000000000001e-07,6.0,1.0324461626356856
6.224000000000001e-07,6.0,1.029516108000304
6.416e-07,6.0,1.0266385775028972
6.608e-07,6.0,1.0238122197527957
6.800000000000001e-07,6.0,1.0210352692852354
6.992000000000001e-07,6.0,1.018302736202057
7.184e-07,6.0,1.0156175879594962
7.376e-07,6.0,1.0129792737853234
7.568e-07,6.0,1.010379981794435
7.760000000000001e-07,6.0,1.007825370741483
7.952000000000001e-07,6.0,1.0053099511253916
8.144e-07,6.0,1.0028351551545078
8.336e-07,6.0,1.000397148676172
8.528e-07,6.0,0.9979992853204834
8.720000000000001e-07,6.0,0.9956334876637477
8.912000000000001e-07,6.0,0.9933050919095989
9.104e-07,6.0,0.9910123485355911
9.296000000000001e-07,6.0,0.9887497680938351
9.488e-07,6.0,0.9865206157954168
9.68e-07,6.0,0.9843238040683114
9.872e-07,6.0,0.9821581775296289
1.0064e-06,6.0,0.9800226965930349
1.0256e-06,6.0,0.9779151525583121
1.0448e-06,6.0,0.9758361245075333
1.064e-06,6.0,0.973785152168785
1.0831999999999999e-06,6.0,0.9717614857104256
1.1024e-06,6.0,0.9697644421298656
1.1216e-06,6.0,0.9677933989587145
1.1408e-06,6.0,0.9658477791269899
1.16e-06,6.0,0.9639270604836131
1.1792e-06,6.0,0.9620303407407415
1.1983999999999998e-06,6.0,0.9601562474764869
1.2176e-06,6.0,0.958305392876657
1.2367999999999997e-06,6.0,0.956477410723475
1.256e-06,6.0,0.954671970597867
1.2751999999999999e-06,6.0,0.9528887772600516
1.2943999999999998e-06,6.0,0.9511259102997606
1.3136e-06,6.0,0.9493829834101429
1.3328e-06,6.0,0.9476612160694904
1.352e-06,6.0,0.945960457283645
1.3711999999999999e-06,6.0,0.9442770066515968
1.3904e-06,6.0,0.9426133556232602
1.4095999999999998e-06,6.0,0.9409699393428301
1.4288e-06,6.0,0.9393424251421193
1.448e-06,6.0,0.9377341811087292
1.4672e-06,6.0,0.9361438944211794
1.4863999999999999e-06,6.0,0.9345696861965195
1.5056e-06,6.0,0.9330145064013007
1.5247999999999998e-06,6.0,0.9314733013240222
1.544e-06,6.0,0.9299508800127879
1.5632e-06,6.0,0.9284422787014981
1.5823999999999999e-06,6.0,0.9269515811596661
1.6015999999999998e-06,6.0,0.9254741646190563
1.6208e-06,6.0,0.9240142653793794
1.6399999999999998e-06,6.0,0.9225667718799951
1.6592e-06,6.0,0.9211358572633268
1.6783999999999999e-06,6.0,0.9197181337374882
1.6975999999999998e-06,6.0,0.918315003700105
1.7168e-06,6.0,0.9169264937071613
1.736e-06,6.0,0.9155500318046218
1.7552e-06,6.0,0.9141883798882688
1.7744e-06,6.0,0.9128394545814802
1.7936e-06,6.0,0.9115029295470891
1.8127999999999998e-06,6.0,0.9101802122201499
1.832e-06,6.0,0.9088696357556044
1.8512e-06,6.0,0.9075706868631287
1.8704e-06,6.0,0.906284704144411
1.8895999999999999e-06,6.0,0.9050113035772928
1.9088e-06,6.0,0.9037479673691373
1.928e-06,6.0,0.902496786486952
1.9471999999999998e-06,6.0,0.9012575243124478
1.9664e-06,6.0,0.9000298765008273
1.9856e-06,6.0,0.8988120070093997
2.0048e-06,6.0,0.8976052184035584
2.024e-06,6.0,0.8964095000522536
2.0432e-06,6.0,0.8952246047098791
2.0623999999999995e-06,6.0,0.8940502911713583
2.0815999999999997e-06,6.0,0.892885446537602
2.1008e-06,6.0,0.8917305397980506
2.12e-06,6.0,0.890585775186538
2.1392e-06,6.0,0.8894509592545229
2.1584e-06,6.0,0.888325901196115
2.1775999999999997e-06,6.0,0.8872104284924908
2.1968e-06,6.0,0.8861043726452797
2.216e-06,6.0,0.885007572332215
2.2352e-06,6.0,0.8839192936120486
2.2544e-06,6.0,0.8828400237431331
2.2736e-06,6.0,0.8817696682987894
2.2928e-06,6.0,0.8807080859407369
2.3119999999999996e-06,6.0,0.8796551419337618
2.3312e-06,6.0,0.8786107050918961
2.3504e-06,6.0,0.8775746480430463
2.3696e-06,6.0,0.8765468513807476
2.3888e-06,6.0,0.8755272032311913
2.4079999999999996e-06,6.0,0.8745155805274551
2.4272e-06,6.0,0.873511884981077
2.4464e-06,6.0,0.8725160044889237
2.4655999999999997e-06,6.0,0.8715278351563553
2.4848e-06,6.0,0.8705472886426804
2.504e-06,6.0,0.8695742525693297
2.5232e-06,6.0,0.8686086427013542
2.5424e-06,6.0,0.8676503681871481
2.5615999999999998e-06,6.0,0.8666993418886272
2.5808e-06,6.0,0.8657554678796887
2.6e-06,6.0,0.8648186763667454
2.6192000000000003e-06,6.0,0.8638888801060151
2.6383999999999996e-06,6.0,0.8629660068786744
2.6575999999999998e-06,6.0,0.862049687139609
2.6768e-06,6.0,0.8611398942112907
2.696e-06,6.0,0.8602367453946459
2.7152e-06,6.0,0.8593401779825554
2.7344e-06,6.0,0.8584501155346448
2.7535999999999998e-06,6.0,0.8575664992762971
2.7728e-06,6.0,0.856689264299592
2.7919999999999997e-06,6.0,0.8558183484526953
2.8112e-06,6.0,0.8549536986019936
2.8304e-06,6.0,0.8540947586739279
2.8496e-06,6.0,0.8532416626322068
2.8687999999999995e-06,6.0,0.8523945960556245
2.8879999999999997e-06,6.0,0.8515535053629003
2.9072e-06,6.0,0.8507183466997993
2.9264e-06,6.0,0.8498890728321975
2.9456000000000002e-06,6.0,0.849065334899023
2.9647999999999995e-06,6.0,0.8482467859008813
2.9839999999999997e-06,6.0,0.8474339054290724
3.0032e-06,6.0,0.8466266534499775
3.0224e-06,6.0,0.8458250040963466
3.0416e-06,6.0,0.8450287980959943
3.0608e-06,6.0,0.8442372716654993
3.0799999999999997e-06,6.0,0.8434511323561058
3.0992e-06,6.0,0.8426703646121144
3.1183999999999997e-06,6.0,0.8418949485855765
3.1376e-06,6.0,0.8411243279632735
3.1568e-06,6.0,0.8403584526818315
3.176e-06,6.0,0.8395977301268961
3.1951999999999995e-06,6.0,0.8388421573687427
3.2143999999999997e-06,6.0,0.8380913642638222
3.2336e-06,6.0,0.8373449401778276
3.2528e-06,6.0,0.8366034848271663
3.2719999999999998e-06,6.0,0.8358669975955223
3.2912e-06,6.0,0.8351349638360072
3.3103999999999997e-06,6.0,0.8344072455272358
3.3296e-06,6.0,0.8336843212380743
3.3488e-06,6.0,0.8329662192341152
3.3679999999999998e-06,6.0,0.8322519803953762
3.3872e-06,6.0,0.831542256927
3.4064e-06,6.0,0.8308371970569575
3.4256e-06,6.0,0.830136350415643
3.4447999999999996e-06,6.0,0.8294394721393858
3.4639999999999998e-06,6.0,0.8287471071426898
3.4832e-06,6.0,0.8280591064808303
3.5024e-06,6.0,0.827374725775463
3.5216e-06,6.0,0.8266947142178562
3.5407999999999996e-06,6.0,0.8260190845966419
3.56e-06,6.0,0.825346850445506
3.5792e-06,6.0,0.8246788721924787
3.5983999999999997e-06,6.0,0.8240151669586707
3.6176e-06,6.0,0.8233547581771258
3.6368e-06,6.0,0.8226984853904667
3.656e-06,6.0,0.8220463087847591
3.6751999999999996e-06,6.0,0.8213973978447086
3.6943999999999997e-06,6.0,0.820752534599103
3.7136e-06,6.0,0.8201115024191621
3.7328e-06,6.0,0.8194737810617476
3.7519999999999994e-06,6.0,0.8188400307189271
3.7711999999999996e-06,6.0,0.8182097817547134
3.7903999999999997e-06,6.0,0.8175829676021855
3.8096e-06,6.0,0.8169600603432026
3.8288e-06,6.0,0.8163402310321135
3.847999999999999e-06,6.0,0.8157240493803898
3.8672e-06,6.0,0.8151114761041962
3.8864e-06,6.0,0.8145019688191801
3.9056e-06,6.0,0.8138961771306797
3.924799999999999e-06,6.0,0.8132935021637485
3.944e-06,6.0,0.8126941722634623
3.9632e-06,6.0,0.8120983375001771
3.9824e-06,6.0,0.811505418547453
4.0016e-06,6.0,0.8109160531441756
4.0208000000000005e-06,6.0,0.8103296321246702
4.0399999999999994e-06,6.0,0.8097464614746297
4.059199999999999e-06,6.0,0.8091665386988743
4.0784e-06,6.0,0.8085895080205339
4.0975999999999995e-06,6.0,0.8080158879693269
4.116799999999999e-06,6.0,0.8074449319897825
4.136e-06,6.0,0.806877276565235
4.1552e-06,6.0,0.8063124941092203
4.1744e-06,6.0,0.8057507074136961
4.1936e-06,6.0,0.8051919615087374
4.2128e-06,6.0,0.8046359726885215
4.232e-06,6.0,0.8040831181316098
4.2512e-06,6.0,0.8035328555600091
4.2704e-06,6.0,0.8029857355196419
4.2895999999999996e-06,6.0,0.8024411411114103
4.308799999999999e-06,6.0,0.8018995560462171
4.328e-06,6.0,0.8013606264467257
4.3472e-06,6.0,0.8008245025614905
4.366399999999999e-06,6.0,0.8002911135206493
4.3856e-06,6.0,0.7997603830098352
4.4048e-06,6.0,0.7992324156138041
4.424e-06,6.0,0.7987069973870642
4.4432e-06,6.0,0.7981843558036372
4.4624e-06,6.0,0.7976641701999223
4.4816000000000004e-06,6.0,0.797146742538176
4.500799999999999e-06,6.0,0.7966317162085055
4.519999999999999e-06,6.0,0.7961194108661631
4.5392e-06,6.0,0.7956094647488805
4.558399999999999e-06,6.0,0.7951021993823819
4.5776e-06,6.0,0.7945972478967825
4.5968e-06,6.0,0.7940949307408706
4.6159999999999995e-06,6.0,0.7935948967754719
4.6352e-06,6.0,0.7930974493163607
4.6544e-06,6.0,0.7926022596525648
4.6736000000000005e-06,6.0,0.7921095992456394
4.6928e-06,6.0,0.7916191771778858
4.712e-06,6.0,0.7911312293141984
4.7312e-06,6.0,0.7906454908950318
4.7503999999999994e-06,6.0,0.7901621862447438
4.769599999999999e-06,6.0,0.7896810599273899
4.7888e-06,6.0,0.7892023242109238
4.8079999999999995e-06,6.0,0.7887257339802077
4.8272e-06,6.0,0.7882514896947074
4.8464e-06,6.0,0.7877793755038736
4.8656e-06,6.0,0.7873095561338015
4.8848e-06,6.0,0.7868418412566714
4.904e-06,6.0,0.7863763704925766
4.9232e-06,6.0,0.7859129955168371
4.9424e-06,6.0,0.7854518066042633
4.961599999999999e-06,6.0,0.7849927075771438
4.9808e-06,6.0,0.7845357287611584
4.9999999999999996e-06,6.0,0.784080852026604
5.019199999999999e-06,6.0,0.7836280113100854
5.0384e-06,6.0,0.7831772834385904
5.0576e-06,6.0,0.782728522288192
5.0768e-06,6.0,0.7822818777714429
5.096e-06,6.0,0.7818371450918314
5.1152e-06,6.0,0.7813945156426693
5.1344e-06,6.0,0.7809537588866333
5.1536e-06,6.0,0.7805150704291709
5.172799999999999e-06,6.0,0.7800782700481594
5.192e-06,6.0,0.779643426079011
5.211199999999999e-06,6.0,0.7792105342504481
5.2304e-06,6.0,0.7787794763835715
5.2496e-06,6.0,0.7783504187352224
5.2687999999999994e-06,6.0,0.7779231066260441
5.288e-06,6.0,0.7774978102189787
5.3072e-06,6.0,0.7770742570992487
5.3263999999999995e-06,6.0,0.7766526046178769
5.3456e-06,6.0,0.7762327856190872
5.3648e-06,6.0,0.7758146992228143
5.3840000000000005e-06,6.0,0.7753985367024964
5.403199999999999e-06,6.0,0.7749839977408581
5.422399999999999e-06,6.0,0.7745714178127977
5.4416e-06,6.0,0.7741605023142812
5.4607999999999995e-06,6.0,0.7737513211329514
5.48e-06,6.0,0.7733439710803909
5.4992e-06,6.0,0.7729381710059566
5.5183999999999995e-06,6.0,0.7725342932429894
5.5376e-06,6.0,0.7721319788351824
5.5568e-06,6.0,0.7717313921490233
5.576e-06,6.0,0.7713325396676021
5.5952e-06,6.0,0.770935177739216
5.6144e-06,6.0,0.7705397015037706
5.6336e-06,6.0,0.7701457136268882
5.6527999999999995e-06,6.0,0.7697533878142139
5.671999999999999e-06,6.0,0.7693627627599383
5.6912e-06,6.0,0.7689735264946583
5.7103999999999996e-06,6.0,0.7685861696075533
5.729599999999999e-06,6.0,0.7682002502481319
5.7488e-06,6.0,0.7678158712254735
5.768e-06,6.0,0.7674332110954402
5.7872e-06,6.0,0.7670518741885108
5.8064e-06,6.0,0.7666722994722774
5.8256e-06,6.0,0.7662942064212209
5.8448e-06,6.0,0.7659174691155062
5.863999999999999e-06,6.0,0.7655425173504251
5.8832e-06,6.0,0.7651688771456383
5.9024e-06,6.0,0.7647967500293535
5.921599999999999e-06,6.0,0.7644262382889957
5.9408e-06,6.0,0.7640569503606125
5.96e-06,6.0,0.7636893709938725
5.9791999999999994e-06,6.0,0.7633231945951793
5.9984e-06,6.0,0.7629582375083315
6.0176e-06,6.0,0.7625950634789473
6.0368e-06,6.0,0.762233130851879
6.056e-06,6.0,0.7618725229347041
6.075199999999999e-06,6.0,0.7615135720053335
6.0944e-06,6.0,0.7611557916889808
6.113599999999999e-06,6.0,0.7607994595330033
6.132799999999999e-06,6.0,0.7604446447179435
6.152e-06,6.0,0.7600909385554115
6.1711999999999995e-06,6.0,0.7597388047449969
6.1904e-06,6.0,0.7593880435904902
6.2096e-06,6.0,0.7590383396035005
6.2287999999999996e-06,6.0,0.7586903178607945
6.248e-06,6.0,0.7583435315095496
6.2672e-06,6.0,0.7579977645515049
6.2864000000000005e-06,6.0,0.757653771678537
6.305599999999999e-06,6.0,0.7573108875867348
6.324799999999999e-06,6.0,0.7569690498500755
6.344e-06,6.0,0.7566289303459273
6.3631999999999995e-06,6.0,0.7562898901490639
6.382399999999999e-06,6.0,0.7559519023151905
6.4016e-06,6.0,0.7556155897224427
6.4208e-06,6.0,0.755280320934857
6.44e-06,6.0,0.7549460928684143
6.4592e-06,6.0,0.7546135219079837
6.4784e-06,6.0,0.7542819685810863
6.4976e-06,6.0,0.753951423636628
6.5168e-06,6.0,0.7536225307919268
6.535999999999999e-06,6.0,0.7532946273748939
6.5551999999999995e-06,6.0,0.7529676773348312
6.574399999999999e-06,6.0,0.7526423976854588
6.5936e-06,6.0,0.752318093444459
6.6128e-06,6.0,0.7519946585843851
6.631999999999999e-06,6.0,0.751672932841025
6.6512e-06,6.0,0.7513521717751194
6.6704e-06,6.0,0.7510322524701432
6.6896e-06,6.0,0.7507139408908479
6.7088e-06,6.0,0.7503966623756588
6.728e-06,6.0,0.7500802239505253
6.7472e-06,6.0,0.749765225441743
6.766399999999999e-06,6.0,0.7494513760866925
6.785599999999999e-06,6.0,0.7491383621880581
6.8048e-06,6.0,0.7488266010496853
6.823999999999999e-06,6.0,0.7485161275236528
6.8432e-06,6.0,0.7482064882119743
6.8624e-06,6.0,0.7478978862548178
6.8815999999999995e-06,6.0,0.7475907318942877
6.9008e-06,6.0,0.7472844137982659
6.92e-06,6.0,0.7469788968466665
6.9391999999999996e-06,6.0,0.7466750087594315
6.9584e-06,6.0,0.7463719622235734
6.9776e-06,6.0,0.7460696606814454
6.9968e-06,6.0,0.7457687857763174
7.015999999999999e-06,6.0,0.7454689564624203
7.035199999999999e-06,6.0,0.7451698849101874
7.0544e-06,6.0,0.7448718934607529
7.0735999999999995e-06,6.0,0.7445752248340016
7.0928e-06,6.0,0.7442793311493189
7.112e-06,6.0,0.7439841586651688
7.1312e-06,6.0,0.7436906019598699
7.1504e-06,6.0,0.7433978265641131
7.1696e-06,6.0,0.7431057448698177
7.1888e-06,6.0,0.7428149239672278
7.208e-06,6.0,0.7425252137310541
7.227199999999999e-06,6.0,0.7422362189277812
7.2464e-06,6.0,0.7419480284066027
7.2655999999999995e-06,6.0,0.7416613336442066
7.284799999999999e-06,6.0,0.7413753686902633
7.304e-06,6.0,0.7410900563377655
7.3232e-06,6.0,0.7408060284976754
7.342399999999999e-06,6.0,0.7405230403357431
7.3616e-06,6.0,0.740240724923807
7.3808e-06,6.0,0.7399591539328254
7.4e-06,6.0,0.7396790802776877
7.4192e-06,6.0,0.7393997090244396
7.438399999999999e-06,6.0,0.7391209602135888
7.4575999999999995e-06,6.0,0.7388433474696602
7.476799999999999e-06,6.0,0.7385668562803119
7.496e-06,6.0,0.7382910167634241
7.5152e-06,6.0,0.7380157537283829
7.534399999999999e-06,6.0,0.737742027973656
7.5536e-06,6.0,0.737469040564966
7.5728e-06,6.0,0.7371966577141157
7.5919999999999995e-06,6.0,0.7369250940509577
7.6112e-06,6.0,0.7366548927080575
7.630399999999999e-06,6.0,0.7363853251604614
7.6496e-06,6.0,0.7361163325251777
7.6688e-06,6.0,0.7358484423017025
7.688e-06,6.0,0.7355816315610713
7.7072e-06,6.0,0.7353154252396082
7.7264e-06,6.0,0.7350497519859774
7.7456e-06,6.0,0.7347854473623059
7.7648e-06,6.0,0.7345219634276257
7.783999999999999e-06,6.0,0.7342590481777932
7.8032e-06,6.0,0.7339966569625724
7.8224e-06,6.0,0.733735824508743
7.8416e-06,6.0,0.733475598526704
7.8608e-06,6.0,0.7332159213104992
7.879999999999999e-06,6.0,0.7329568997126962
7.8992e-06,6.0,0.7326992948848967
7.9184e-06,6.0,0.7324422717509559
7.9376e-06,6.0,0.7321857725904111
7.9568e-06,6.0,0.731930025285917
7.976e-06,6.0,0.7316755910922907
7.9952e-06,6.0,0.7314217130640894
8.014399999999999e-06,6.0,0.7311683383421574
8.033599999999999e-06,6.0,0.7309157716066564
8.052799999999999e-06,6.0,0.7306644434542877
8.071999999999998e-06,6.0,0.7304136617454409
8.0912e-06,6.0,0.7301633657150568
8.1104e-06,6.0,0.7299138738237617
8.1296e-06,6.0,0.7296656058342694
8.148799999999999e-06,6.0,0.7294178642904577
8.167999999999999e-06,6.0,0.7291705936217392
8.1872e-06,6.0,0.7289240830055462
8.2064e-06,6.0,0.7286788198308485
8.2256e-06,6.0,0.7284340684841233
8.2448e-06,6.0,0.7281897810897203
8.263999999999999e-06,6.0,0.7279461479334333
8.2832e-06,6.0,0.7277038362080955
8.3024e-06,6.0,0.7274620319218518
8.3216e-06,6.0,0.7272206832828785
8.3408e-06,6.0,0.7269798325705379
8.36e-06,6.0,0.7267404234034379
8.379200000000001e-06,6.0,0.7265015135150175
8.3984e-06,6.0,0.7262630575199069
8.4176e-06,6.0,0.7260250055743437
8.4368e-06,6.0,0.7257883365731747
8.455999999999998e-06,6.0,0.7255522773176205
8.475199999999998e-06,6.0,0.7253166695261462
8.4944e-06,6.0,0.7250814626039815
8.5136e-06,6.0,0.7248473542293947
8.532799999999999e-06,6.0,0.7246140973771681
8.551999999999999e-06,6.0,0.7243812906304884
8.571199999999999e-06,6.0,0.724148889095042
8.5904e-06,6.0,0.7239172459052765
8.6096e-06,6.0,0.723686746040557
8.6288e-06,6.0,0.7234566970693093
8.648e-06,6.0,0.7232270540580629
8.667199999999999e-06,6.0,0.7229977880294997
8.6864e-06,6.0,0.7227700015251587
8.7056e-06,6.0,0.7225426672156102
8.7248e-06,6.0,0.7223157419498241
8.744e-06,6.0,0.7220891876231318
8.7632e-06,6.0,0.721863649167202
8.7824e-06,6.0,0.721638985432227
8.8016e-06,6.0,0.7214147317483894
8.8208e-06,6.0,0.7211908592440288
8.84e-06,6.0,0.7209674794122402
8.8592e-06,6.0,0.7207454368313398
8.8784e-06,6.0,0.7205238132651793
8.897600000000001e-06,6.0,0.720302572714698
8.916799999999999e-06,6.0,0.7200816837873643
8.935999999999999e-06,6.0,0.7198618209830989
8.955199999999999e-06,6.0,0.7196427783241229
8.974399999999998e-06,6.0,0.7194241295486691
8.9936e-06,6.0,0.719205842077019
9.0128e-06,6.0,0.7189879311536606
9.032e-06,6.0,0.7187714289667518
9.051199999999999e-06,6.0,0.7185553273012654
9.070399999999999e-06,6.0,0.718339591689618
9.0896e-06,6.0,0.7181241933469342
9.1088e-06,6.0,0.7179095679495808
9.128e-06,6.0,0.7176959657301485
9.1472e-06,6.0,0.7174827403178242
9.1664e-06,6.0,0.7172698614377399
9.1856e-06,6.0,0.7170572993274689
9.2048e-06,6.0,0.7168458548268244
9.224e-06,6.0,0.7166350933967662
9.2432e-06,6.0,0.716424692679686
9.2624e-06,6.0,0.7162146163226849
9.2816e-06,6.0,0.716004837195537
9.3008e-06,6.0,0.7157964630698828
9.32e-06,6.0,0.7155884909260168
9.3392e-06,6.0,0.7153808596813335
9.358399999999998e-06,6.0,0.7151735381858825
9.377599999999998e-06,6.0,0.7149666801552418
9.3968e-06,6.0,0.7147610824742273
9.416e-06,6.0,0.714555842193518
9.435199999999999e-06,6.0,0.7143509317199819
9.454399999999999e-06,6.0,0.7141463187196194
9.473599999999999e-06,6.0,0.7139422898377539
9.4928e-06,6.0,0.7137393940509165
9.512e-06,6.0,0.713536841765974
9.5312e-06,6.0,0.7133346024429597
9.5504e-06,6.0,0.7131326528728849
9.569599999999999e-06,6.0,0.712931345121117
9.5888e-06,6.0,0.7127311002804732
9.608e-06,6.0,0.7125311874375819
9.6272e-06,6.0,0.7123315796020478
9.6464e-06,6.0,0.7121322489000401
9.6656e-06,6.0,0.7119335475873473
9.6848e-06,6.0,0.7117359063671794
9.704e-06,6.0,0.7115385860815975
9.7232e-06,6.0,0.711341565832367
9.7424e-06,6.0,0.7111448147755509
9.7616e-06,6.0,0.7109486074787801
9.7808e-06,6.0,0.7107535188306237
9.800000000000001e-06,6.0,0.7105587517409716
9.819199999999999e-06,6.0,0.7103642755256987
9.838399999999999e-06,6.0,0.7101700668364838
9.857599999999999e-06,6.0,0.7099762359985883
9.876799999999998e-06,6.0,0.7097836649656747
9.896e-06,6.0,0.7095914049617151
9.9152e-06,6.0,0.7093994316953965
9.9344e-06,6.0,0.7092077253772018
9.953599999999999e-06,6.0,0.7090162524076793
9.972799999999999e-06,6.0,0.7088260600419115
9.992e-06,6.0,0.7086362660008542
9.999999999999999e-06,6.0,0.7085572702394951
